k,cumulative_mi,cv_auroc_mean,cv_auroc_std
11,0.30025279129613275,0.8853283687634388,0.007942693759737973
25,0.5090928231183701,0.8952782218840655,0.00886692052100346
43,0.7084825600924114,0.904715740414446,0.009486379370635439
56,0.8040769567222322,0.908666525340793,0.007073543048896824
74,0.900761844949205,0.9090110731858536,0.004013588288967799
87,0.9515579608499861,0.9085108611611095,0.007138657515053048
155,1.0,0.908618131200502,0.006019324206214767
