metric,pearson_corr_with_test_auroc,pearson_corr_with_cv_auroc
n_go_selected,0.4843239956089108,0.04883785690777004
D,0.4843239956089108,0.04883785690777004
