metric,pearson_corr_with_test_auroc,pearson_corr_with_cv_auroc
n_go_selected,-0.035771607805207106,-0.05912161086952911
D,-0.035771607805207106,-0.05912161086952911
