{
  "n_seeds": 20,
  "seed_list": [
    1,
    2,
    3,
    4,
    5,
    6,
    7,
    8,
    9,
    10,
    11,
    12,
    13,
    14,
    15,
    16,
    17,
    18,
    19,
    20
  ],
  "n_unique_go_terms_selected_at_least_once": 179,
  "selected_go_count_mean": 126.0,
  "selected_go_count_sd": 35.87698279868086,
  "selected_go_count_min": 37,
  "selected_go_count_max": 155,
  "n_core_terms_ge_75pct": 111,
  "n_recurrent_terms_ge_50pct": 145,
  "pairwise_go_set_jaccard_mean": 0.6568989490706604,
  "pairwise_go_set_jaccard_sd": 0.20364573666456637,
  "pairwise_go_set_jaccard_min": 0.22297297297297297,
  "pairwise_go_set_jaccard_max": 0.9032258064516129
}