{
  "n_seeds": 20,
  "seed_list": [
    1,
    2,
    3,
    4,
    5,
    6,
    7,
    8,
    9,
    10,
    11,
    12,
    13,
    14,
    15,
    16,
    17,
    18,
    19,
    20
  ],
  "n_unique_go_terms_selected_at_least_once": 184,
  "selected_go_count_mean": 106.6,
  "selected_go_count_sd": 38.95260277770787,
  "selected_go_count_min": 54,
  "selected_go_count_max": 157,
  "n_core_terms_ge_75pct": 57,
  "n_recurrent_terms_ge_50pct": 127,
  "pairwise_go_set_jaccard_mean": 0.5240356712878645,
  "pairwise_go_set_jaccard_sd": 0.1431085477391186,
  "pairwise_go_set_jaccard_min": 0.3181818181818182,
  "pairwise_go_set_jaccard_max": 0.8950617283950617
}