{
  "cv": {
    "folds": 5,
    "repeats": 1,
    "splits": 5
  },
  "generated_by": "supplementary_analysis.py",
  "model_comparison": {
    "best_model": "CatBoost",
    "best_test_auroc": 0.984653635116598,
    "n_models": 13,
    "note": "Loaded from existing CSV because --skip-model-comparison was used.",
    "paper_ready_source": "tables/paper_supplementary_13_model_comparison_rounded.csv",
    "source": "tables/supplementary_13_model_comparison.csv"
  },
  "negative_ratio_sensitivity": {
    "n_runs": 25,
    "paper_ready_source": "tables/paper_supplementary_negative_ratio_summary_rounded.csv",
    "per_seed_source": "tables/supplementary_negative_ratio_per_seed.csv",
    "ratios": [
      "1:1",
      "1:2",
      "1:3",
      "1:4",
      "1:5"
    ],
    "seeds": [
      1,
      2,
      3,
      4,
      5
    ],
    "summary": [
      {
        "D_max": 51.0,
        "D_mean": 48.4,
        "D_min": 46.0,
        "D_sd": 1.9493588689617927,
        "D_se": 0.8717797887081347,
        "mean_n_test": 216.0,
        "mean_n_train": 862.0,
        "n_go_selected_max": 45.0,
        "n_go_selected_mean": 42.4,
        "n_go_selected_min": 40.0,
        "n_go_selected_sd": 1.9493588689617927,
        "n_go_selected_se": 0.8717797887081347,
        "n_runs": 5,
        "negative_multiplier": 1,
        "negative_ratio": "1:1",
        "test_auprc_max": 0.9790488778195844,
        "test_auprc_mean": 0.9741678919251099,
        "test_auprc_min": 0.967466430764946,
        "test_auprc_sd": 0.004243757811843109,
        "test_auprc_se": 0.0018978661894653906,
        "test_auroc_max": 0.9840534979423868,
        "test_auroc_mean": 0.9767832647462276,
        "test_auroc_min": 0.9683641975308642,
        "test_auroc_sd": 0.006705189856074201,
        "test_auroc_se": 0.002998652064044789,
        "test_f1_max": 0.9483568075117371,
        "test_f1_mean": 0.9362263384013085,
        "test_f1_min": 0.9216589861751152,
        "test_f1_sd": 0.009540298987437352,
        "test_f1_se": 0.004266551412316466,
        "test_precision_max": 0.9619047619047619,
        "test_precision_mean": 0.9359573434789432,
        "test_precision_min": 0.9174311926605505,
        "test_precision_sd": 0.023367927328724825,
        "test_precision_se": 0.010450454800060757,
        "test_recall_max": 0.9537037037037037,
        "test_recall_mean": 0.937037037037037,
        "test_recall_min": 0.9166666666666666,
        "test_recall_sd": 0.01656346649999846,
        "test_recall_se": 0.0074074074074074155
      },
      {
        "D_max": 51.0,
        "D_mean": 46.4,
        "D_min": 44.0,
        "D_sd": 2.8809720581775866,
        "D_se": 1.2884098726725124,
        "mean_n_test": 324.0,
        "mean_n_train": 1293.0,
        "n_go_selected_max": 45.0,
        "n_go_selected_mean": 40.4,
        "n_go_selected_min": 38.0,
        "n_go_selected_sd": 2.8809720581775866,
        "n_go_selected_se": 1.2884098726725124,
        "n_runs": 5,
        "negative_multiplier": 2,
        "negative_ratio": "1:2",
        "test_auprc_max": 0.9600254754261849,
        "test_auprc_mean": 0.9481234499099891,
        "test_auprc_min": 0.9283793400633191,
        "test_auprc_sd": 0.01217852871531882,
        "test_auprc_se": 0.0054464036146772135,
        "test_auroc_max": 0.9836676954732511,
        "test_auroc_mean": 0.9786351165980797,
        "test_auroc_min": 0.9724794238683128,
        "test_auroc_sd": 0.004622738005534674,
        "test_auroc_se": 0.0020673512845094657,
        "test_f1_max": 0.9406392694063926,
        "test_f1_mean": 0.914586429057033,
        "test_f1_min": 0.9009009009009009,
        "test_f1_sd": 0.016717744858374742,
        "test_f1_se": 0.007476402786764703,
        "test_precision_max": 0.9279279279279279,
        "test_precision_mean": 0.9073003133053584,
        "test_precision_min": 0.8771929824561403,
        "test_precision_sd": 0.018941825384353926,
        "test_precision_se": 0.008471041835469291,
        "test_recall_max": 0.9537037037037037,
        "test_recall_mean": 0.9222222222222222,
        "test_recall_min": 0.8981481481481481,
        "test_recall_sd": 0.021316415617076555,
        "test_recall_se": 0.00953299087128426
      },
      {
        "D_max": 47.0,
        "D_mean": 46.6,
        "D_min": 46.0,
        "D_sd": 0.5477225575051661,
        "D_se": 0.24494897427831777,
        "mean_n_test": 432.0,
        "mean_n_train": 1724.0,
        "n_go_selected_max": 41.0,
        "n_go_selected_mean": 40.6,
        "n_go_selected_min": 40.0,
        "n_go_selected_sd": 0.5477225575051661,
        "n_go_selected_se": 0.24494897427831777,
        "n_runs": 5,
        "negative_multiplier": 3,
        "negative_ratio": "1:3",
        "test_auprc_max": 0.9756988956426285,
        "test_auprc_mean": 0.9526296416187178,
        "test_auprc_min": 0.9359912888659666,
        "test_auprc_sd": 0.015292353156360915,
        "test_auprc_se": 0.006838948238711295,
        "test_auroc_max": 0.9886831275720165,
        "test_auroc_mean": 0.9840649291266577,
        "test_auroc_min": 0.9755372656607224,
        "test_auroc_sd": 0.005125965323510611,
        "test_auroc_se": 0.002292401382735285,
        "test_f1_max": 0.918918918918919,
        "test_f1_mean": 0.8950744197675448,
        "test_f1_min": 0.8596491228070176,
        "test_f1_sd": 0.022166299711450118,
        "test_f1_se": 0.009913070592887287,
        "test_precision_max": 0.8947368421052632,
        "test_precision_mean": 0.8697989043755634,
        "test_precision_min": 0.8166666666666667,
        "test_precision_sd": 0.03148046508529033,
        "test_precision_se": 0.014078491978803578,
        "test_recall_max": 0.9444444444444444,
        "test_recall_mean": 0.9222222222222222,
        "test_recall_min": 0.9074074074074074,
        "test_recall_sd": 0.016820279744986052,
        "test_recall_se": 0.007522257782070328
      },
      {
        "D_max": 46.0,
        "D_mean": 44.2,
        "D_min": 43.0,
        "D_sd": 1.3038404810405297,
        "D_se": 0.58309518948453,
        "mean_n_test": 540.0,
        "mean_n_train": 2155.0,
        "n_go_selected_max": 40.0,
        "n_go_selected_mean": 38.2,
        "n_go_selected_min": 37.0,
        "n_go_selected_sd": 1.3038404810405297,
        "n_go_selected_se": 0.58309518948453,
        "n_runs": 5,
        "negative_multiplier": 4,
        "negative_ratio": "1:4",
        "test_auprc_max": 0.9620838715786533,
        "test_auprc_mean": 0.9393869828840018,
        "test_auprc_min": 0.9130321934375021,
        "test_auprc_sd": 0.0212783025345951,
        "test_auprc_se": 0.009515946182632143,
        "test_auroc_max": 0.9883401920438958,
        "test_auroc_mean": 0.9834405006858711,
        "test_auroc_min": 0.9752657750342933,
        "test_auroc_sd": 0.005499337361408128,
        "test_auroc_se": 0.0024593784342625807,
        "test_f1_max": 0.9090909090909091,
        "test_f1_mean": 0.8838975468975467,
        "test_f1_min": 0.8392857142857143,
        "test_f1_sd": 0.028753226077894947,
        "test_f1_se": 0.012858833616518552,
        "test_precision_max": 0.8928571428571429,
        "test_precision_mean": 0.861733190181466,
        "test_precision_min": 0.8103448275862069,
        "test_precision_sd": 0.0359750435244476,
        "test_precision_se": 0.01608852856283569,
        "test_recall_max": 0.9259259259259259,
        "test_recall_mean": 0.9074074074074072,
        "test_recall_min": 0.8703703703703703,
        "test_recall_sd": 0.021714887776960325,
        "test_recall_se": 0.009711193038612516
      },
      {
        "D_max": 45.0,
        "D_mean": 44.0,
        "D_min": 42.0,
        "D_sd": 1.224744871391589,
        "D_se": 0.5477225575051661,
        "mean_n_test": 648.0,
        "mean_n_train": 2586.0,
        "n_go_selected_max": 39.0,
        "n_go_selected_mean": 38.0,
        "n_go_selected_min": 36.0,
        "n_go_selected_sd": 1.224744871391589,
        "n_go_selected_se": 0.5477225575051661,